,Catboost,Precision
0,Train,0.8774834437086093
1,Test,0.672566371681416
2,Validate,0.6388888888888888
