metrics,result_scores,train_scores
r2,0.9770302723358534,0.9901455340499379
mse,0.032430457669876615,0.014634592912475848
